title;object_id;imdb_id;classification;country;year;director;runtime_min;duration_iso8601;season_episode;episode_title;modes_intervention;annotation_data;moviebarcode
2040;f0162;tt7150512;documentary;AU;2018;Damon Gameau;92 Min.;PT1H32M;;;Escalation / de-escalation;TRUE;TRUE
2067;f0522;tt1918734;feature film;AU;2020;Seth Larney;114 Min.;PT1H54M;;;;FALSE;TRUE
Albatross;f025a;tt9914642;documentary;US;2017;Chris Jordan;97 Min.;PT1H37M;;;;FALSE;TRUE
An Inconvenient Sequel: Truth to Power;f009a;tt6322922;documentary;US;2017;"Bonni Cohen;Jon Shenk";98 Min.;PT1H38M;;;;FALSE;TRUE
An Inconvenient Truth;f020a;tt0497116;documentary;US;2006;Davis Guggenheim;96 Min.;PT1H36M;;;;FALSE;TRUE
Annihilation;f049a;tt2798920;feature film;"US;GB";2018;Alex Garland;115 Min.;PT1H55M;;;;FALSE;TRUE
Another Earth;f040a;tt1549572;feature film;US;2011;Mike Cahill;92 Min.;PT1H32M;;;;FALSE;TRUE
Anthropocene: The Human Epoch;f002a;tt8399690;documentary;CA;2018;"Jennifer Baichwal; Edward Burtynsky; Nicholas de Pencier";87 Min.;PT1H27M;;;"Unintended Consequences; Escalation / de-escalation; Unintended Consequences; Escalation / de-escalation";TRUE;TRUE
Awake: A Dream from Standing Rock;f012a;tt6691862;documentary;US;2017;"Myron Dewey; Josh Fox; James Spione";89 Min.;PT1H29M;;;"Disruptive scaling; Non-linear temporalities; Unintended Consequences; Post-anthropocentric reperspectivations";TRUE;TRUE
Beasts of the Southern Wild;f065b;tt2125435;feature film;US;2012;Benh Zeitlin;93 Min.;PT1H33M;;;Destabilization / Restabilization;TRUE;TRUE
Before the Flood;f013b;tt5929776;documentary;US;2016;Fisher Stevens;96 Min.;PT1H36M;;;Escalation / de-escalation;TRUE;TRUE
Blade Runner 2049;f063b;tt1856101;feature film;"US; CA; ES";2017;Denis Villeneuve;164 Min.;PT2H44M;;;;FALSE;TRUE
Blue Planet II;e066b;tt7473714;episode;"GB; US; CN; FR; DE";2018;James Honeyborne;51 Min.;PTH51M;S01E01;One Ocean;;FALSE;TRUE
Blue Planet II;e067b;tt7579602;episode;"GB; US; CN; FR; DE";2018;James Honeyborne;54 Min.;PTH54M;S01E02;The Deep;;FALSE;TRUE
Blue Planet II;e068b;tt7579754;episode;"GB; US; CN; FR; DE";2018;James Honeyborne;52 Min.;PTH52M;S01E04;Big Blue;;FALSE;TRUE
Blue Planet II;e069b;tt7579776;episode;"GB; US; CN; FR; DE";2018;James Honeyborne;50 Min.;PTH50M;S01E06;Coasts;;FALSE;TRUE
Blue Planet II;e070b;tt7579782;episode;"GB; US; CN; FR; DE";2018;James Honeyborne;53 Min.;PTH53M;S01E07;Our Blue Planet;;FALSE;TRUE
Blue Planet II;e114t;tt7579764;episode;"GB; US; CN; FR; DE";2018;James Honeyborne;51 Min.;PTH51M;S01E03;Coral Reefs;;FALSE;TRUE
Blue Planet II;e115t;tt7579758;episode;"GB; US; CN; FR; DE";2018;James Honeyborne;53 Min.;PTH53M;S01E05;Green Seas;;FALSE;TRUE
Carbon Nation;f007c;tt1482991;documentary;US;2010;Peter Byck;86 Min.;PT1H26M;;;;FALSE;TRUE
Chasing Ice;f032c;tt1579361;documentary;US;2012;Jeff Orlowski-Yang;75 Min.;PT1H15M;;;;FALSE;TRUE
Children of Men;f042c;tt0206634;feature film;"US; GB; JP";2006;Alfonso Cuarón;109 Min.;PT1H49M;;;;FALSE;TRUE
Climate of Change;f022c;tt1563712;documentary;US;2010;Brian Hill;86 Min.;PT1H26M;;;;FALSE;TRUE
Dear Future Children;f005d;tt11191356;documentary;"DE; GB; AT";2021;Franz Böhm;89 Min.;PT1H29M;;;;FALSE;TRUE
Everything Will Change;f029e;tt13086274;documentary;"DE; NL";2021;Marten Persiel;93 Min.;PT1H33M;;;Post-anthropocentric reperspectivations;TRUE;TRUE
Everything's Cool;f019e;tt0810970;documentary;US;2007;"Daniel B. Gold; Judith Helfand";89 Min.;PT1H29M;;;;FALSE;TRUE
First Reformed;f059f;tt6053438;feature film;"US; GB; AU";2017;Paul Schrader;113 Min.;PT1H53M;;;"Escalation / de-escalation; Disruptive scaling";TRUE;TRUE
Frozen Planet;e213f;tt2095246;episode;"GB; US; ES; DE; GR; CA";2012;Paul Spillenger;58 Min.;PTH58M;S01E01;To the Ends of the Earth;;FALSE;TRUE
Frozen Planet;e214f;tt2095243;episode;"GB; US; ES; DE; GR; CA";2012;"Mark Linfield; Paul Spillenger";58 Min.;PTH58M;S01E02;Spring;;FALSE;TRUE
Frozen Planet;e215f;tt2095244;episode;"GB; US; ES; DE; GR; CA";2012;Paul Spillenger;59 Min.;PTH59M;S01E03;Summer;;FALSE;TRUE
Frozen Planet;e216f;tt2095241;episode;"GB; US; ES; DE; GR; CA";2012;Paul Spillenger;58 Min.;PTH58M;S01E04;Autumn;;FALSE;TRUE
Frozen Planet;e217f;tt2095247;episode;"GB; US; ES; DE; GR; CA";2012;Paul Spillenger;58 Min.;PTH58M;S01E05;Winter;;FALSE;TRUE
Frozen Planet;e218f;tt2095245;episode;"GB; US; ES; DE; GR; CA";2012;Paul Spillenger;58 Min.;PTH58M;S01E06;The Last Frontier;;FALSE;TRUE
Frozen Planet;e219f;tt2095242;episode;"GB; US; ES; DE; GR; CA";2012;Paul Spillenger;58 Min.;PTH58M;S01E07;On Thin Ice;;FALSE;TRUE
Frozen Planet II;e220f;tt18468964;episode;GB;2023;Alex Lanchester;57 Min.;PTH57M;S01E01;Frozen Worlds;;FALSE;TRUE
Frozen Planet II;e221f;tt21987364;episode;GB;2023;Rachel Scott;57 Min.;PTH57M;S01E02;Frozen Ocean;;FALSE;TRUE
Frozen Planet II;e222f;tt21987366;episode;GB;2023;Alex Lanchester;58 Min.;PTH58M;S01E03;Frozen Peaks;;FALSE;TRUE
Frozen Planet II;e223f;tt21987370;episode;GB;2023;Orla Doherty;58 Min.;PTH58M;S01E04;Frozen South;;FALSE;TRUE
Frozen Planet II;e224f;tt21987376;episode;GB;2023;Jane Atkins;57 Min.;PTH57M;S01E05;Frozen Lands;;FALSE;TRUE
Frozen Planet II;e225f;tt21987378;episode;GB;2023;James Reed;58 Min.;PTH58M;S01E06;Our Frozen Planet;;FALSE;TRUE
Geostorm;f045g;tt1981128;feature film;"US; JP; AE; HK";2017;Dean Devlin;111 Min.;PT1H51M;;;;FALSE;TRUE
Greta;f018i;tt10394738;documentary;"SE; DE; GB; US";2020;Nathan Grossman;97 Min.;PT1H37M;;;;FALSE;TRUE
Guardians of the Earth;f028g;tt7214084;documentary;"DE; AT";2017;Filip Antoni Malinowski;86 Min.;PT1H26M;;;;FALSE;TRUE
Hell;f047h;tt1643222;feature film;"DE; FR";2011;Tim Fehlbaum;89 Min.;PT1H29M;;;;FALSE;TRUE
Home;f004h;tt1014762;documentary;FR;2009;Yann Arthus-Bertrand;118 Min.;PT1H58M;;;;FALSE;TRUE
How to Blow Up a Pipeline;f043h;tt21440780;feature film;US;2022;Daniel Goldhaber;104 Min.;PT1H44M;;;Escalation / de-escalation;TRUE;TRUE
How to Let Go of the World: and Love All the Things Climate Can't Change;f014h;tt5246328;documentary;US;2016;Josh Fox;127 Min.;PT2H07M;;;;FALSE;TRUE
How To Save Our Planet;v088h;;video;;;;8 Min.;PTH8M;;;;FALSE;TRUE
Inuit Knowledge and Climate Change;f026i;tt4081544;documentary;CA;2010;"Zacharias Kunuk; Ian Mauro";60 Min.;PT1H00M;;;Destabilization / Restabilization;TRUE;TRUE